GID_2,GID_0,COUNTRY,GID_1,EST,NL_NAME_1,Muni_GADM,VARNAME_2,NL_NAME_2,TYPE_2,ENGTYPE_2,CC_2,HASC_2,Muni_Clean,ID_Area,Riesgo_Espacial
VEN.1.1_1,VEN,Venezuela,VEN.1_1,AMAZONAS,NA,Alto Orinoco,NA,NA,Municipio,Municipality,NA,NA,ALTO ORINOCO,1,0.6739729352572992
VEN.1.2_1,VEN,Venezuela,VEN.1_1,AMAZONAS,NA,Atabapo,NA,NA,Municipio,Municipality,NA,NA,ATABAPO,2,0.43925040775159707
VEN.1.3_1,VEN,Venezuela,VEN.1_1,AMAZONAS,NA,Atures,NA,NA,Municipio,Municipality,NA,NA,ATURES,3,1.236173573637048
VEN.1.4_1,VEN,Venezuela,VEN.1_1,AMAZONAS,NA,Autana,NA,NA,Municipio,Municipality,NA,NA,AUTANA,4,0.30387158565599054
VEN.1.5_1,VEN,Venezuela,VEN.1_1,AMAZONAS,NA,Manapiare,NA,NA,Municipio,Municipality,NA,NA,MANAPIARE,5,0.2703442921510213
VEN.1.6_1,VEN,Venezuela,VEN.1_1,AMAZONAS,NA,Maroa,NA,NA,Municipio,Municipality,NA,NA,MAROA,6,0.40606180740474923
VEN.1.7_1,VEN,Venezuela,VEN.1_1,AMAZONAS,NA,Río Negro,NA,NA,Municipio,Municipality,NA,NA,RIO NEGRO,7,0.6730083952663745
VEN.2.1_1,VEN,Venezuela,VEN.2_1,ANZOATEGUI,NA,Anaco,NA,NA,Municipio,Municipality,NA,NA,ANACO,8,0.8968597553718968
VEN.2.2_1,VEN,Venezuela,VEN.2_1,ANZOATEGUI,NA,Aragua,NA,NA,Municipio,Municipality,NA,NA,ARAGUA,9,1.0365770175980518
VEN.2.3_1,VEN,Venezuela,VEN.2_1,ANZOATEGUI,NA,Bolívar,NA,NA,Municipio,Municipality,NA,NA,BOLIVAR,10,1.4920739308404287
VEN.2.4_1,VEN,Venezuela,VEN.2_1,ANZOATEGUI,NA,Bruzual,NA,NA,Municipio,Municipality,NA,NA,BRUZUAL,11,0.9214029267918276
VEN.2.5_1,VEN,Venezuela,VEN.2_1,ANZOATEGUI,NA,Cajigal,NA,NA,Municipio,Municipality,NA,NA,CAJIGAL,12,0.6918227312643008
VEN.2.6_1,VEN,Venezuela,VEN.2_1,ANZOATEGUI,NA,Carvajal,NA,NA,Municipio,Municipality,NA,NA,CARVAJAL,13,1.0361559434848129
VEN.2.7_1,VEN,Venezuela,VEN.2_1,ANZOATEGUI,NA,Fernando de Peñalver,NA,NA,Municipio,Municipality,NA,NA,FERNANDO PENALVER,14,0.6360433830417325
VEN.2.8_1,VEN,Venezuela,VEN.2_1,ANZOATEGUI,NA,Freites,NA,NA,Municipio,Municipality,NA,NA,FREITES,15,1.2441386916381294
VEN.2.9_1,VEN,Venezuela,VEN.2_1,ANZOATEGUI,NA,General Sir Arthur McGregor,NA,NA,Municipio,Municipality,NA,NA,GENERAL SIR ARTHUR MCGREGOR,16,0.7927694160201363
VEN.2.10_1,VEN,Venezuela,VEN.2_1,ANZOATEGUI,NA,Guanipa,NA,NA,Municipio,Municipality,NA,NA,GUANIPA,17,0.6786736987969225
VEN.2.11_1,VEN,Venezuela,VEN.2_1,ANZOATEGUI,NA,Guanta,NA,NA,Municipio,Municipality,NA,NA,GUANTA,18,0.6089012062395834
VEN.2.12_1,VEN,Venezuela,VEN.2_1,ANZOATEGUI,NA,Independencia,NA,NA,Municipio,Municipality,NA,NA,INDEPENDENCIA,19,0.8980184330660118
VEN.2.13_1,VEN,Venezuela,VEN.2_1,ANZOATEGUI,NA,Isla,NA,NA,Municipio,Municipality,NA,NA,ISLA,20,1.0383757045462698
VEN.2.14_1,VEN,Venezuela,VEN.2_1,ANZOATEGUI,NA,Libertad,NA,NA,Municipio,Municipality,NA,NA,LIBERTAD,21,0.9008795372874556
VEN.2.15_1,VEN,Venezuela,VEN.2_1,ANZOATEGUI,NA,Lic. Diego Bautista Urban,NA,NA,Municipio,Municipality,NA,NA,LIC. DIEGO BAUTISTA URBAN,22,1.2231740213402342
VEN.2.16_1,VEN,Venezuela,VEN.2_1,ANZOATEGUI,NA,Miranda,NA,NA,Municipio,Municipality,NA,NA,MIRANDA,23,0.8514363774722943
VEN.2.17_1,VEN,Venezuela,VEN.2_1,ANZOATEGUI,NA,Monagas,NA,NA,Municipio,Municipality,NA,NA,MONAGAS,24,0.8309016340127416
VEN.2.18_1,VEN,Venezuela,VEN.2_1,ANZOATEGUI,NA,Píritu,NA,NA,Municipio,Municipality,NA,NA,PIRITU,25,1.0368215343255778
VEN.2.19_1,VEN,Venezuela,VEN.2_1,ANZOATEGUI,NA,San Juan de Capistrano,NA,NA,Municipio,Municipality,NA,NA,SAN JUAN CAPISTRANO,26,1.3000957323584
VEN.2.20_1,VEN,Venezuela,VEN.2_1,ANZOATEGUI,NA,Santa Ana,NA,NA,Municipio,Municipality,NA,NA,SANTA ANA,27,0.8457126324009558
VEN.2.21_1,VEN,Venezuela,VEN.2_1,ANZOATEGUI,NA,Simón Rodríguez,NA,NA,Municipio,Municipality,NA,NA,SIMON RODRIGUEZ,28,1.3778103832124917
VEN.2.22_1,VEN,Venezuela,VEN.2_1,ANZOATEGUI,NA,Sotillo,NA,NA,Municipio,Municipality,NA,NA,SOTILLO,29,0.8791962474761597
VEN.3.1_1,VEN,Venezuela,VEN.3_1,APURE,NA,Achaguas,NA,NA,Municipio,Municipality,NA,NA,ACHAGUAS,30,1.0252993403479185
VEN.3.2_1,VEN,Venezuela,VEN.3_1,APURE,NA,Biruaca,NA,NA,Municipio,Municipality,NA,NA,BIRUACA,31,0.507639038507275
VEN.3.3_1,VEN,Venezuela,VEN.3_1,APURE,NA,Muñoz,NA,NA,Municipio,Municipality,NA,NA,MUNOZ,32,0.6552219606573229
VEN.3.4_1,VEN,Venezuela,VEN.3_1,APURE,NA,Páez,NA,NA,Municipio,Municipality,NA,NA,PAEZ,33,0.9297628783251318
VEN.3.5_1,VEN,Venezuela,VEN.3_1,APURE,NA,Pedro Camejo,NA,NA,Municipio,Municipality,NA,NA,PEDRO CAMEJO,34,0.49723430485043785
VEN.3.6_1,VEN,Venezuela,VEN.3_1,APURE,NA,Rómulo Gallegos,NA,NA,Municipio,Municipality,NA,NA,ROMULO GALLEGOS,35,0.7364083295404209
VEN.3.7_1,VEN,Venezuela,VEN.3_1,APURE,NA,San Fernando,NA,NA,Municipio,Municipality,NA,NA,SAN FERNANDO,36,2.0708888123657188
VEN.4.1_1,VEN,Venezuela,VEN.4_1,ARAGUA,NA,Bolívar,NA,NA,Municipio,Municipality,NA,NA,BOLIVAR,37,1.4032030630546874
VEN.4.2_1,VEN,Venezuela,VEN.4_1,ARAGUA,NA,Camatagua,NA,NA,Municipio,Municipality,NA,NA,CAMATAGUA,38,1.3120383922061982
VEN.4.3_1,VEN,Venezuela,VEN.4_1,ARAGUA,NA,Francisco Linares,NA,NA,Municipio,Municipality,NA,NA,FRANCISCO LINARES,39,0.5919028843695624
VEN.4.4_1,VEN,Venezuela,VEN.4_1,ARAGUA,NA,Girardot,NA,NA,Municipio,Municipality,NA,NA,GIRARDOT,40,3.266768854723955
VEN.4.5_1,VEN,Venezuela,VEN.4_1,ARAGUA,NA,José Angel Lamas,NA,NA,Municipio,Municipality,NA,NA,JOSE ANGEL LAMAS,41,0.8836450604267925
VEN.4.6_1,VEN,Venezuela,VEN.4_1,ARAGUA,NA,José Félix Ribas,NA,NA,Municipio,Municipality,NA,NA,JOSE FELIX RIBAS,42,2.055486513877011
VEN.4.7_1,VEN,Venezuela,VEN.4_1,ARAGUA,NA,José R Revenga,NA,NA,Municipio,Municipality,NA,NA,JOSE R REVENGA,43,0.8783079997435611
VEN.4.8_1,VEN,Venezuela,VEN.4_1,ARAGUA,NA,Libertador,NA,NA,Municipio,Municipality,NA,NA,LIBERTADOR,44,1.3680715816831988
VEN.4.9_1,VEN,Venezuela,VEN.4_1,ARAGUA,NA,Mario Briceño Iragorry,NA,NA,Municipio,Municipality,NA,NA,MARIO BRICENO IRAGORRY,45,0.9468537426633782
VEN.4.10_1,VEN,Venezuela,VEN.4_1,ARAGUA,NA,Ocumare de la Costa de Oro,NA,NA,Municipio,Municipality,NA,NA,OCUMARE LA COSTA ORO,46,0.48658171273433154
VEN.4.11_1,VEN,Venezuela,VEN.4_1,ARAGUA,NA,San Casimiro,NA,NA,Municipio,Municipality,NA,NA,SAN CASIMIRO,47,1.2568588384331907
VEN.4.12_1,VEN,Venezuela,VEN.4_1,ARAGUA,NA,San Sebastián,NA,NA,Municipio,Municipality,NA,NA,SAN SEBASTIAN,48,1.0772548823985568
VEN.4.13_1,VEN,Venezuela,VEN.4_1,ARAGUA,NA,Santiago Mariño,NA,NA,Municipio,Municipality,NA,NA,SANTIAGO MARINO,49,0.7817883691270682
VEN.4.14_1,VEN,Venezuela,VEN.4_1,ARAGUA,NA,Santos Michelena,NA,NA,Municipio,Municipality,NA,NA,SANTOS MICHELENA,50,1.1034819218375171
VEN.4.15_1,VEN,Venezuela,VEN.4_1,ARAGUA,NA,Sucre,NA,NA,Municipio,Municipality,NA,NA,SUCRE,51,1.2500219214807995
VEN.4.16_1,VEN,Venezuela,VEN.4_1,ARAGUA,NA,Tovar,NA,NA,Municipio,Municipality,NA,NA,TOVAR,52,0.9741270681265176
VEN.4.17_1,VEN,Venezuela,VEN.4_1,ARAGUA,NA,Urdaneta,NA,NA,Municipio,Municipality,NA,NA,URDANETA,53,0.9317821826152511
VEN.4.18_1,VEN,Venezuela,VEN.4_1,ARAGUA,NA,Zamora,NA,NA,Municipio,Municipality,NA,NA,ZAMORA,54,1.2510943671265953
VEN.5.1_1,VEN,Venezuela,VEN.5_1,BARINAS,NA,Alberto Arvelo Torrealba,NA,NA,Municipio,Municipality,NA,NA,ALBERTO ARVELO TORREALBA,55,1.0227240380979508
VEN.5.2_1,VEN,Venezuela,VEN.5_1,BARINAS,NA,Andres Eloy Blanco,NA,NA,Municipio,Municipality,NA,NA,ANDRES ELOY BLANCO,56,0.358271515077713
VEN.5.3_1,VEN,Venezuela,VEN.5_1,BARINAS,NA,Antonio José de Sucre,NA,NA,Municipio,Municipality,NA,NA,ANTONIO JOSE SUCRE,57,0.972054032845014
VEN.5.4_1,VEN,Venezuela,VEN.5_1,BARINAS,NA,Arismendi,NA,NA,Municipio,Municipality,NA,NA,ARISMENDI,58,0.5205938289272811
VEN.5.5_1,VEN,Venezuela,VEN.5_1,BARINAS,NA,Barinas,NA,NA,Municipio,Municipality,NA,NA,BARINAS,59,1.812043686110083
VEN.5.6_1,VEN,Venezuela,VEN.5_1,BARINAS,NA,Bolívar,NA,NA,Municipio,Municipality,NA,NA,BOLIVAR,60,0.9496850103881236
VEN.5.7_1,VEN,Venezuela,VEN.5_1,BARINAS,NA,Cruz Paredes,NA,NA,Municipio,Municipality,NA,NA,CRUZ PAREDES,61,0.9257412111087071
VEN.5.8_1,VEN,Venezuela,VEN.5_1,BARINAS,NA,Ezequiel Zamora,NA,NA,Municipio,Municipality,NA,NA,EZEQUIEL ZAMORA,62,1.3118027711161304
VEN.5.9_1,VEN,Venezuela,VEN.5_1,BARINAS,NA,Obispos,NA,NA,Municipio,Municipality,NA,NA,OBISPOS,63,0.6678005200470966
VEN.5.10_1,VEN,Venezuela,VEN.5_1,BARINAS,NA,Pedraza,NA,NA,Municipio,Municipality,NA,NA,PEDRAZA,64,0.8692135934074785
VEN.5.11_1,VEN,Venezuela,VEN.5_1,BARINAS,NA,Rojas,NA,NA,Municipio,Municipality,NA,NA,ROJAS,65,0.7865173949078664
VEN.5.12_1,VEN,Venezuela,VEN.5_1,BARINAS,NA,Sosa,NA,NA,Municipio,Municipality,NA,NA,SOSA,66,0.517522129948355
VEN.6.1_1,VEN,Venezuela,VEN.6_1,BOLIVAR,NA,Angostura,NA,NA,Municipio,Municipality,NA,NA,ANGOSTURA,67,0.4260755133365587
VEN.6.2_1,VEN,Venezuela,VEN.6_1,BOLIVAR,NA,Caroní,NA,NA,Municipio,Municipality,NA,NA,CARONI,68,1.6820459413878805
VEN.6.3_1,VEN,Venezuela,VEN.6_1,BOLIVAR,NA,Cedeño,NA,NA,Municipio,Municipality,NA,NA,CEDENO,69,0.9845845667585863
VEN.6.4_1,VEN,Venezuela,VEN.6_1,BOLIVAR,NA,El Callao,NA,NA,Municipio,Municipality,NA,NA,EL CALLAO,70,1.1779348487514723
VEN.6.5_1,VEN,Venezuela,VEN.6_1,BOLIVAR,NA,Gran Sabana,NA,NA,Municipio,Municipality,NA,NA,GRAN SABANA,71,0.7793813355823845
VEN.6.6_1,VEN,Venezuela,VEN.6_1,BOLIVAR,NA,Heres,NA,NA,Municipio,Municipality,NA,NA,HERES,72,2.066824572309389
VEN.6.7_1,VEN,Venezuela,VEN.6_1,BOLIVAR,NA,Padre Pedro Chien,NA,NA,Municipio,Municipality,NA,NA,PADRE PEDRO CHIEN,73,0.6413676787426315
VEN.6.8_1,VEN,Venezuela,VEN.6_1,BOLIVAR,NA,Piar,NA,NA,Municipio,Municipality,NA,NA,PIAR,74,1.3329208152345278
VEN.6.9_1,VEN,Venezuela,VEN.6_1,BOLIVAR,NA,Roscio,NA,NA,Municipio,Municipality,NA,NA,ROSCIO,75,1.1176411065846807
VEN.6.10_1,VEN,Venezuela,VEN.6_1,BOLIVAR,NA,Sifontes,NA,NA,Municipio,Municipality,NA,NA,SIFONTES,76,0.9486192039716251
VEN.6.11_1,VEN,Venezuela,VEN.6_1,BOLIVAR,NA,Sucre,NA,NA,Municipio,Municipality,NA,NA,SUCRE,77,0.26599351807002164
VEN.7.1_1,VEN,Venezuela,VEN.7_1,CARABOBO,NA,Bejuma,NA,NA,Municipio,Municipality,NA,NA,BEJUMA,78,1.938634644138154
VEN.7.2_1,VEN,Venezuela,VEN.7_1,CARABOBO,NA,Carlos Arevalo,NA,NA,Municipio,Municipality,NA,NA,CARLOS AREVALO,79,1.045112603935514
VEN.7.3_1,VEN,Venezuela,VEN.7_1,CARABOBO,NA,Diego Ibarra,NA,NA,Municipio,Municipality,NA,NA,DIEGO IBARRA,80,1.2994504565381042
VEN.7.4_1,VEN,Venezuela,VEN.7_1,CARABOBO,NA,Guacara,NA,NA,Municipio,Municipality,NA,NA,GUACARA,81,1.031908707889672
VEN.7.5_1,VEN,Venezuela,VEN.7_1,CARABOBO,NA,Juan José Mora,NA,NA,Municipio,Municipality,NA,NA,JUAN JOSE MORA,82,0.9472302466442971
VEN.7.6_1,VEN,Venezuela,VEN.7_1,CARABOBO,NA,Lago Valencia,NA,NA,Water Body,Water Body,NA,NA,LAGO VALENCIA,83,1.0763554934884185
VEN.7.7_1,VEN,Venezuela,VEN.7_1,CARABOBO,NA,Libertador,NA,NA,Municipio,Municipality,NA,NA,LIBERTADOR,84,1.0035473847515255
VEN.7.8_1,VEN,Venezuela,VEN.7_1,CARABOBO,NA,Los Guayos,NA,NA,Municipio,Municipality,NA,NA,LOS GUAYOS,85,0.6519252470474596
VEN.7.9_1,VEN,Venezuela,VEN.7_1,CARABOBO,NA,Miranda,NA,NA,Municipio,Municipality,NA,NA,MIRANDA,86,0.9599569318596163
VEN.7.10_1,VEN,Venezuela,VEN.7_1,CARABOBO,NA,Montalbán,NA,NA,Municipio,Municipality,NA,NA,MONTALBAN,87,0.7768104629253435
VEN.7.11_1,VEN,Venezuela,VEN.7_1,CARABOBO,NA,Naguanagua,NA,NA,Municipio,Municipality,NA,NA,NAGUANAGUA,88,3.1124266006581522
VEN.7.12_1,VEN,Venezuela,VEN.7_1,CARABOBO,NA,Puerto Cabello,NA,NA,Municipio,Municipality,NA,NA,PUERTO CABELLO,89,2.159675034105946
VEN.7.13_1,VEN,Venezuela,VEN.7_1,CARABOBO,NA,San Diego,NA,NA,Municipio,Municipality,NA,NA,SAN DIEGO,90,0.7235188881130598
VEN.7.14_1,VEN,Venezuela,VEN.7_1,CARABOBO,NA,San Joaquín,NA,NA,Municipio,Municipality,NA,NA,SAN JOAQUIN,91,0.7681027244257601
VEN.7.15_1,VEN,Venezuela,VEN.7_1,CARABOBO,NA,Valencia,NA,NA,Municipio,Municipality,NA,NA,VALENCIA,92,2.0001905133207427
VEN.8.1_1,VEN,Venezuela,VEN.8_1,COJEDES,NA,Anzoátegui,NA,NA,Municipio,Municipality,NA,NA,ANZOATEGUI,93,1.1019724094103271
VEN.8.2_1,VEN,Venezuela,VEN.8_1,COJEDES,NA,Ezequiel Zomora,NA,NA,Municipio,Municipality,NA,NA,EZEQUIEL ZOMORA,94,2.0493436560863736
VEN.8.4_1,VEN,Venezuela,VEN.8_1,COJEDES,NA,Girardot,NA,NA,Municipio,Municipality,NA,NA,GIRARDOT,95,0.9155059566457854
VEN.8.5_1,VEN,Venezuela,VEN.8_1,COJEDES,NA,Lima Blanco,NA,NA,Municipio,Municipality,NA,NA,LIMA BLANCO,96,0.8245250559108078
VEN.8.6_1,VEN,Venezuela,VEN.8_1,COJEDES,NA,Pao de San Juan Bautista,NA,NA,Municipio,Municipality,NA,NA,PAO SAN JUAN BAUTISTA,97,0.8148522735060648
VEN.8.7_1,VEN,Venezuela,VEN.8_1,COJEDES,NA,Ricaurte,NA,NA,Municipio,Municipality,NA,NA,RICAURTE,98,0.8281492695457265
VEN.8.8_1,VEN,Venezuela,VEN.8_1,COJEDES,NA,Romulo Gallegos,NA,NA,Municipio,Municipality,NA,NA,ROMULO GALLEGOS,99,0.6670249452533783
VEN.8.9_1,VEN,Venezuela,VEN.8_1,COJEDES,NA,Tinaco,NA,NA,Municipio,Municipality,NA,NA,TINACO,100,0.9937272479630527
VEN.8.3_1,VEN,Venezuela,VEN.8_1,COJEDES,NA,Falcón,NA,NA,Municipio,Municipality,NA,NA,TINAQUILLO,101,1.1978795886255866
VEN.9.1_1,VEN,Venezuela,VEN.9_1,DELTA AMACURO,NA,Antonio Diaz,NA,NA,Municipio,Municipality,NA,NA,ANTONIO DIAZ,102,0.5169987620710841
VEN.9.2_1,VEN,Venezuela,VEN.9_1,DELTA AMACURO,NA,Casacoima,NA,NA,Municipio,Municipality,NA,NA,CASACOIMA,103,0.4943328465975071
VEN.9.3_1,VEN,Venezuela,VEN.9_1,DELTA AMACURO,NA,Pedernales,NA,NA,Municipio,Municipality,NA,NA,PEDERNALES,104,1.2335233866832815
VEN.9.4_1,VEN,Venezuela,VEN.9_1,DELTA AMACURO,NA,Tucupita,NA,NA,Municipio,Municipality,NA,NA,TUCUPITA,105,1.419635636775067
VEN.10.1_1,VEN,Venezuela,VEN.10_1,DEPENDENCIAS FEDERALES,NA,Dependencias Federales,NA,NA,Islas,Islands,NA,VE.DP.DP,DEPENDENCIAS FEDERALES,106,0.11172233709241552
VEN.11.1_1,VEN,Venezuela,VEN.11_1,DISTRITO CAPITAL,NA,Libertador,NA,NA,Municipio,Municipality,NA,NA,LIBERTADOR,107,2.6964937731386827
VEN.12.1_1,VEN,Venezuela,VEN.12_1,FALCON,NA,Acosta,NA,NA,Municipio,Municipality,NA,NA,ACOSTA,108,0.7000099572622195
VEN.12.2_1,VEN,Venezuela,VEN.12_1,FALCON,NA,Bolívar,NA,NA,Municipio,Municipality,NA,NA,BOLIVAR,109,0.8185350238373027
VEN.12.3_1,VEN,Venezuela,VEN.12_1,FALCON,NA,Buchivacoa,NA,NA,Municipio,Municipality,NA,NA,BUCHIVACOA,110,0.7558531031434205
VEN.12.4_1,VEN,Venezuela,VEN.12_1,FALCON,NA,Cacique Manaure,NA,NA,Municipio,Municipality,NA,NA,CACIQUE MANAURE,111,0.6942517019912486
VEN.12.5_1,VEN,Venezuela,VEN.12_1,FALCON,NA,Carirubana,NA,NA,Municipio,Municipality,NA,NA,CARIRUBANA,112,1.3200186398044575
VEN.12.6_1,VEN,Venezuela,VEN.12_1,FALCON,NA,Colina,NA,NA,Municipio,Municipality,NA,NA,COLINA,113,0.4948312702263993
VEN.12.7_1,VEN,Venezuela,VEN.12_1,FALCON,NA,Dabajuro,NA,NA,Municipio,Municipality,NA,NA,DABAJURO,114,0.8955966727675682
VEN.12.8_1,VEN,Venezuela,VEN.12_1,FALCON,NA,Democracia,NA,NA,Municipio,Municipality,NA,NA,DEMOCRACIA,115,0.6668113406119941
VEN.12.9_1,VEN,Venezuela,VEN.12_1,FALCON,NA,Falcón,NA,NA,Municipio,Municipality,NA,NA,FALCON,116,0.7962929998388553
VEN.12.10_1,VEN,Venezuela,VEN.12_1,FALCON,NA,Federación,NA,NA,Municipio,Municipality,NA,NA,FEDERACION,117,1.0829985016255665
VEN.12.11_1,VEN,Venezuela,VEN.12_1,FALCON,NA,Jacura,NA,NA,Municipio,Municipality,NA,NA,JACURA,118,0.44362144429778516
VEN.12.12_1,VEN,Venezuela,VEN.12_1,FALCON,NA,Los Tanques,NA,NA,Municipio,Municipality,NA,NA,LOS TANQUES,119,0.8078604573770762
VEN.12.13_1,VEN,Venezuela,VEN.12_1,FALCON,NA,Mauroa,NA,NA,Municipio,Municipality,NA,NA,MAUROA,120,1.0026606366381756
VEN.12.14_1,VEN,Venezuela,VEN.12_1,FALCON,NA,Miranda,NA,NA,Municipio,Municipality,NA,NA,MIRANDA,121,1.9745389151337447
VEN.12.15_1,VEN,Venezuela,VEN.12_1,FALCON,NA,Monseñor Iturriza,NA,NA,Municipio,Municipality,NA,NA,MONSENOR ITURRIZA,122,1.0405555687935575
VEN.12.16_1,VEN,Venezuela,VEN.12_1,FALCON,NA,Palma Sola,NA,NA,Municipio,Municipality,NA,NA,PALMA SOLA,123,0.2581634261406344
VEN.12.17_1,VEN,Venezuela,VEN.12_1,FALCON,NA,Petit,NA,NA,Municipio,Municipality,NA,NA,PETIT,124,0.6854278957641368
VEN.12.18_1,VEN,Venezuela,VEN.12_1,FALCON,NA,Píritu,NA,NA,Municipio,Municipality,NA,NA,PIRITU,125,0.9338197128905019
VEN.12.19_1,VEN,Venezuela,VEN.12_1,FALCON,NA,San Francisco,NA,NA,Municipio,Municipality,NA,NA,SAN FRANCISCO,126,0.9909361139125802
VEN.12.20_1,VEN,Venezuela,VEN.12_1,FALCON,NA,Silva,NA,NA,Municipio,Municipality,NA,NA,SILVA,127,1.6356788412817769
VEN.12.21_1,VEN,Venezuela,VEN.12_1,FALCON,NA,Sucre,NA,NA,Municipio,Municipality,NA,NA,SUCRE,128,0.9162537004547006
VEN.12.22_1,VEN,Venezuela,VEN.12_1,FALCON,NA,Tocópero,NA,NA,Municipio,Municipality,NA,NA,TOCOPERO,129,0.997919852375061
VEN.12.23_1,VEN,Venezuela,VEN.12_1,FALCON,NA,Unión,NA,NA,Municipio,Municipality,NA,NA,UNION,130,0.6719217738485479
VEN.12.24_1,VEN,Venezuela,VEN.12_1,FALCON,NA,Urumaco,NA,NA,Municipio,Municipality,NA,NA,URUMACO,131,0.7334866946274332
VEN.12.25_1,VEN,Venezuela,VEN.12_1,FALCON,NA,Zamora,NA,NA,Municipio,Municipality,NA,NA,ZAMORA,132,0.5499698073871202
VEN.13.1_1,VEN,Venezuela,VEN.13_1,GUARICO,NA,Camaguán,NA,NA,Municipio,Municipality,NA,NA,CAMAGUAN,133,0.7744779428898252
VEN.13.2_1,VEN,Venezuela,VEN.13_1,GUARICO,NA,Chaguaramas,NA,NA,Municipio,Municipality,NA,NA,CHAGUARAMAS,134,0.9171983341970629
VEN.13.3_1,VEN,Venezuela,VEN.13_1,GUARICO,NA,El Socorro,NA,NA,Municipio,Municipality,NA,NA,EL SOCORRO,135,0.9247077646608253
VEN.13.7_1,VEN,Venezuela,VEN.13_1,GUARICO,NA,Miranda,NA,NA,Municipio,Municipality,NA,NA,FRANCISCO DE MIRANDA,136,1.375775047900601
VEN.13.10_1,VEN,Venezuela,VEN.13_1,GUARICO,NA,Ribas,NA,NA,Municipio,Municipality,NA,NA,JOSE FELIX RIBAS,137,0.8836647304345538
VEN.13.8_1,VEN,Venezuela,VEN.13_1,GUARICO,NA,Monagas,NA,NA,Municipio,Municipality,NA,NA,JOSE TADEO MONAGAS,138,1.6218314774640783
VEN.13.11_1,VEN,Venezuela,VEN.13_1,GUARICO,NA,Roscio,NA,NA,Municipio,Municipality,NA,NA,JUAN GERMAN ROSCIO,139,2.4059358573046747
VEN.13.6_1,VEN,Venezuela,VEN.13_1,GUARICO,NA,Mellado,NA,NA,Municipio,Municipality,NA,NA,JULIAN MELLADO,140,1.4610779455764795
VEN.13.5_1,VEN,Venezuela,VEN.13_1,GUARICO,NA,Las Mercedes,NA,NA,Municipio,Municipality,NA,NA,LAS MERCEDES,141,0.9228947789915106
VEN.13.4_1,VEN,Venezuela,VEN.13_1,GUARICO,NA,Infante,NA,NA,Municipio,Municipality,NA,NA,LEONARDO INFANTE,142,2.0055532788849755
VEN.13.9_1,VEN,Venezuela,VEN.13_1,GUARICO,NA,Ortíz,NA,NA,Municipio,Municipality,NA,NA,ORTIZ,143,0.7813870449178982
VEN.13.15_1,VEN,Venezuela,VEN.13_1,GUARICO,NA,Zaraza,NA,NA,Municipio,Municipality,NA,NA,PEDRO ZARAZA,144,1.3559878196497324
VEN.13.12_1,VEN,Venezuela,VEN.13_1,GUARICO,NA,San Gerónimo de Guayabal,NA,NA,Municipio,Municipality,NA,NA,SAN GERONIMO GUAYABAL,145,0.5306522255939303
VEN.13.13_1,VEN,Venezuela,VEN.13_1,GUARICO,NA,San José de Guaribe,NA,NA,Municipio,Municipality,NA,NA,SAN JOSE GUARIBE,146,0.7754712139810631
VEN.13.14_1,VEN,Venezuela,VEN.13_1,GUARICO,NA,Santa María de Ipire,NA,NA,Municipio,Municipality,NA,NA,SANTA MARIA IPIRE,147,1.111330567365721
VEN.14.1_1,VEN,Venezuela,VEN.14_1,LARA,NA,Andrés Eloy Blanco,NA,NA,Municipio,Municipality,NA,NA,ANDRES ELOY BLANCO,148,0.8916804607325146
VEN.14.2_1,VEN,Venezuela,VEN.14_1,LARA,NA,Crespo,NA,NA,Municipio,Municipality,NA,NA,CRESPO,149,0.9089646018621945
VEN.14.3_1,VEN,Venezuela,VEN.14_1,LARA,NA,Iribarren,NA,NA,Municipio,Municipality,NA,NA,IRIBARREN,150,2.091597008222616
VEN.14.4_1,VEN,Venezuela,VEN.14_1,LARA,NA,Jiménez,NA,NA,Municipio,Municipality,NA,NA,JIMENEZ,151,0.9665657916488418
VEN.14.5_1,VEN,Venezuela,VEN.14_1,LARA,NA,Morán,NA,NA,Municipio,Municipality,NA,NA,MORAN,152,1.1646049958701723
VEN.14.6_1,VEN,Venezuela,VEN.14_1,LARA,NA,Palavecino,NA,NA,Municipio,Municipality,NA,NA,PALAVECINO,153,0.6180136711764933
VEN.14.7_1,VEN,Venezuela,VEN.14_1,LARA,NA,Simón Planas,NA,NA,Municipio,Municipality,NA,NA,SIMON PLANAS,154,0.7059432861987677
VEN.14.8_1,VEN,Venezuela,VEN.14_1,LARA,NA,Torres,NA,NA,Municipio,Municipality,NA,NA,TORRES,155,1.347838493068023
VEN.14.9_1,VEN,Venezuela,VEN.14_1,LARA,NA,Urdaneta,NA,NA,Municipio,Municipality,NA,NA,URDANETA,156,0.8911347938086237
VEN.15.1_1,VEN,Venezuela,VEN.15_1,MERIDA,NA,Alberto Adriani,NA,NA,Municipio,Municipality,NA,NA,ALBERTO ADRIANI,157,1.4265729000250957
VEN.15.2_1,VEN,Venezuela,VEN.15_1,MERIDA,NA,Andrés Bello,NA,NA,Municipio,Municipality,NA,NA,ANDRES BELLO,158,1.0512485035863948
VEN.15.3_1,VEN,Venezuela,VEN.15_1,MERIDA,NA,Antonio Pinto Salinas,NA,NA,Municipio,Municipality,NA,NA,ANTONIO PINTO SALINAS,159,1.1951203404911848
VEN.15.4_1,VEN,Venezuela,VEN.15_1,MERIDA,NA,Aricagua,NA,NA,Municipio,Municipality,NA,NA,ARICAGUA,160,1.3943875836218396
VEN.15.5_1,VEN,Venezuela,VEN.15_1,MERIDA,NA,Arzobispo Chacón,NA,NA,Municipio,Municipality,NA,NA,ARZOBISPO CHACON,161,1.4293749311986115
VEN.15.6_1,VEN,Venezuela,VEN.15_1,MERIDA,NA,Campo Elías,NA,NA,Municipio,Municipality,NA,NA,CAMPO ELIAS,162,0.9042473345705551
VEN.15.7_1,VEN,Venezuela,VEN.15_1,MERIDA,NA,Caracciolo Parra Olmedo,NA,NA,Municipio,Municipality,NA,NA,CARACCIOLO PARRA OLMEDO,163,1.3408323337869856
VEN.15.8_1,VEN,Venezuela,VEN.15_1,MERIDA,NA,Cardenal Quintero,NA,NA,Municipio,Municipality,NA,NA,CARDENAL QUINTERO,164,1.3917787410199383
VEN.15.9_1,VEN,Venezuela,VEN.15_1,MERIDA,NA,Guaraque,NA,NA,Municipio,Municipality,NA,NA,GUARAQUE,165,1.372604487715845
VEN.15.10_1,VEN,Venezuela,VEN.15_1,MERIDA,NA,Julio César Salas,NA,NA,Municipio,Municipality,NA,NA,JULIO CESAR SALAS,166,1.2341441224244711
VEN.15.11_1,VEN,Venezuela,VEN.15_1,MERIDA,NA,Justo Briceño,NA,NA,Municipio,Municipality,NA,NA,JUSTO BRICENO,167,1.2074997286290645
VEN.15.12_1,VEN,Venezuela,VEN.15_1,MERIDA,NA,Libertador,NA,NA,Municipio,Municipality,NA,NA,LIBERTADOR,168,3.2223515248100263
VEN.15.13_1,VEN,Venezuela,VEN.15_1,MERIDA,NA,Miranda,NA,NA,Municipio,Municipality,NA,NA,MIRANDA,169,1.3027489454855306
VEN.15.14_1,VEN,Venezuela,VEN.15_1,MERIDA,NA,Obispo Ramos de Lora,NA,NA,Municipio,Municipality,NA,NA,OBISPO RAMOS LORA,170,1.2145961871745086
VEN.15.15_1,VEN,Venezuela,VEN.15_1,MERIDA,NA,Padre Noguera,NA,NA,Municipio,Municipality,NA,NA,PADRE NOGUERA,171,0.7003998548769317
VEN.15.16_1,VEN,Venezuela,VEN.15_1,MERIDA,NA,Pueblo Llano,NA,NA,Municipio,Municipality,NA,NA,PUEBLO LLANO,172,1.3607295962690322
VEN.15.17_1,VEN,Venezuela,VEN.15_1,MERIDA,NA,Rangel,NA,NA,Municipio,Municipality,NA,NA,RANGEL,173,1.1320621993520956
VEN.15.18_1,VEN,Venezuela,VEN.15_1,MERIDA,NA,Rivas Davila,NA,NA,Municipio,Municipality,NA,NA,RIVAS DAVILA,174,1.0576299346322677
VEN.15.19_1,VEN,Venezuela,VEN.15_1,MERIDA,NA,Santos Marquina,NA,NA,Municipio,Municipality,NA,NA,SANTOS MARQUINA,175,0.8888901411770362
VEN.15.20_1,VEN,Venezuela,VEN.15_1,MERIDA,NA,Sucre,NA,NA,Municipio,Municipality,NA,NA,SUCRE,176,1.108922257752694
VEN.15.21_1,VEN,Venezuela,VEN.15_1,MERIDA,NA,Tovar,NA,NA,Municipio,Municipality,NA,NA,TOVAR,177,1.5657020365611842
VEN.15.22_1,VEN,Venezuela,VEN.15_1,MERIDA,NA,Tulio Febres Cordero,NA,NA,Municipio,Municipality,NA,NA,TULIO FEBRES CORDERO,178,0.9620770270313795
VEN.15.23_1,VEN,Venezuela,VEN.15_1,MERIDA,NA,Zea,NA,NA,Municipio,Municipality,NA,NA,ZEA,179,1.2324246519642914
VEN.16.1_1,VEN,Venezuela,VEN.16_1,MIRANDA,NA,Acevedo,NA,NA,Municipio,Municipality,NA,NA,ACEVEDO,180,1.4396527861868513
VEN.16.2_1,VEN,Venezuela,VEN.16_1,MIRANDA,NA,Andrés Bello,NA,NA,Municipio,Municipality,NA,NA,ANDRES BELLO,181,1.3059900419175032
VEN.16.3_1,VEN,Venezuela,VEN.16_1,MIRANDA,NA,Baruta,NA,NA,Municipio,Municipality,NA,NA,BARUTA,182,2.313822716815242
VEN.16.4_1,VEN,Venezuela,VEN.16_1,MIRANDA,NA,Brión,NA,NA,Municipio,Municipality,NA,NA,BRION,183,1.536449042400943
VEN.16.5_1,VEN,Venezuela,VEN.16_1,MIRANDA,NA,Buroz,NA,NA,Municipio,Municipality,NA,NA,BUROZ,184,0.9346124221665683
VEN.16.6_1,VEN,Venezuela,VEN.16_1,MIRANDA,NA,Carrizal,NA,NA,Municipio,Municipality,NA,NA,CARRIZAL,185,0.8158244702875165
VEN.16.7_1,VEN,Venezuela,VEN.16_1,MIRANDA,NA,Chacao,NA,NA,Municipio,Municipality,NA,NA,CHACAO,186,4.155293324228914
VEN.16.8_1,VEN,Venezuela,VEN.16_1,MIRANDA,NA,Cristóbal Rojas,NA,NA,Municipio,Municipality,NA,NA,CRISTOBAL ROJAS,187,1.0871378204385043
VEN.16.9_1,VEN,Venezuela,VEN.16_1,MIRANDA,NA,El Hatillo,NA,NA,Municipio,Municipality,NA,NA,EL HATILLO,188,0.886335208726349
VEN.16.10_1,VEN,Venezuela,VEN.16_1,MIRANDA,NA,Guaicaipuro,NA,NA,Municipio,Municipality,NA,NA,GUAICAIPURO,189,1.7979816595922051
VEN.16.11_1,VEN,Venezuela,VEN.16_1,MIRANDA,NA,Independencia,NA,NA,Municipio,Municipality,NA,NA,INDEPENDENCIA,190,1.2308763753840593
VEN.16.12_1,VEN,Venezuela,VEN.16_1,MIRANDA,NA,Lander,NA,NA,Municipio,Municipality,NA,NA,LANDER,191,1.848612386475031
VEN.16.13_1,VEN,Venezuela,VEN.16_1,MIRANDA,NA,Los Salias,NA,NA,Municipio,Municipality,NA,NA,LOS SALIAS,192,0.9500849508241056
VEN.16.14_1,VEN,Venezuela,VEN.16_1,MIRANDA,NA,Páez,NA,NA,Municipio,Municipality,NA,NA,PAEZ,193,1.5056446640150434
VEN.16.15_1,VEN,Venezuela,VEN.16_1,MIRANDA,NA,Paz Castillo,NA,NA,Municipio,Municipality,NA,NA,PAZ CASTILLO,194,0.8422603648940314
VEN.16.16_1,VEN,Venezuela,VEN.16_1,MIRANDA,NA,Pedro Gual,NA,NA,Municipio,Municipality,NA,NA,PEDRO GUAL,195,0.9708941516759096
VEN.16.17_1,VEN,Venezuela,VEN.16_1,MIRANDA,NA,Plaza,NA,NA,Municipio,Municipality,NA,NA,PLAZA,196,1.036673600007924
VEN.16.18_1,VEN,Venezuela,VEN.16_1,MIRANDA,NA,Simón Bolívar,NA,NA,Municipio,Municipality,NA,NA,SIMON BOLIVAR,197,1.0225368807507427
VEN.16.19_1,VEN,Venezuela,VEN.16_1,MIRANDA,NA,Sucre,NA,NA,Municipio,Municipality,NA,NA,SUCRE,198,1.9597880822642153
VEN.16.20_1,VEN,Venezuela,VEN.16_1,MIRANDA,NA,Urdaneta,NA,NA,Municipio,Municipality,NA,NA,URDANETA,199,1.0162777167051669
VEN.16.21_1,VEN,Venezuela,VEN.16_1,MIRANDA,NA,Zamora,NA,NA,Municipio,Municipality,NA,NA,ZAMORA,200,1.1975053543264937
VEN.17.1_1,VEN,Venezuela,VEN.17_1,MONAGAS,NA,Acosta,NA,NA,Municipio,Municipality,NA,NA,ACOSTA,201,1.0736273399517555
VEN.17.2_1,VEN,Venezuela,VEN.17_1,MONAGAS,NA,Aguasay,NA,NA,Municipio,Municipality,NA,NA,AGUASAY,202,0.6446812457508436
VEN.17.3_1,VEN,Venezuela,VEN.17_1,MONAGAS,NA,Bolívar,NA,NA,Municipio,Municipality,NA,NA,BOLIVAR,203,1.0838416433213836
VEN.17.4_1,VEN,Venezuela,VEN.17_1,MONAGAS,NA,Caripe,NA,NA,Municipio,Municipality,NA,NA,CARIPE,204,1.035684506746252
VEN.17.5_1,VEN,Venezuela,VEN.17_1,MONAGAS,NA,Cedeño,NA,NA,Municipio,Municipality,NA,NA,CEDENO,205,0.7740808859695258
VEN.17.6_1,VEN,Venezuela,VEN.17_1,MONAGAS,NA,Ezequiel Zamora,NA,NA,Municipio,Municipality,NA,NA,EZEQUIEL ZAMORA,206,0.8396139323544553
VEN.17.7_1,VEN,Venezuela,VEN.17_1,MONAGAS,NA,Libertador,NA,NA,Municipio,Municipality,NA,NA,LIBERTADOR,207,0.5930141853531098
VEN.17.8_1,VEN,Venezuela,VEN.17_1,MONAGAS,NA,Maturín,NA,NA,Municipio,Municipality,NA,NA,MATURIN,208,1.6132952535633047
VEN.17.9_1,VEN,Venezuela,VEN.17_1,MONAGAS,NA,Piar,NA,NA,Municipio,Municipality,NA,NA,PIAR,209,0.738188693304321
VEN.17.10_1,VEN,Venezuela,VEN.17_1,MONAGAS,NA,Punceres,NA,NA,Municipio,Municipality,NA,NA,PUNCERES,210,0.879970336284289
VEN.17.11_1,VEN,Venezuela,VEN.17_1,MONAGAS,NA,Santa Barbara,NA,NA,Municipio,Municipality,NA,NA,SANTA BARBARA,211,0.7290690282112956
VEN.17.12_1,VEN,Venezuela,VEN.17_1,MONAGAS,NA,Sotillo,NA,NA,Municipio,Municipality,NA,NA,SOTILLO,212,0.9634148068830933
VEN.17.13_1,VEN,Venezuela,VEN.17_1,MONAGAS,NA,Uracoa,NA,NA,Municipio,Municipality,NA,NA,URACOA,213,0.6716849419680418
VEN.18.1_1,VEN,Venezuela,VEN.18_1,NUEVA ESPARTA,NA,Antolín del Campo,NA,NA,Municipio,Municipality,NA,NA,ANTOLIN DEL CAMPO,214,0.7900413460013305
VEN.18.2_1,VEN,Venezuela,VEN.18_1,NUEVA ESPARTA,NA,Arismendi,NA,NA,Municipio,Municipality,NA,NA,ARISMENDI,215,1.231920408738785
VEN.18.3_1,VEN,Venezuela,VEN.18_1,NUEVA ESPARTA,NA,Díaz,NA,NA,Municipio,Municipality,NA,NA,DIAZ,216,0.6061046848091451
VEN.18.4_1,VEN,Venezuela,VEN.18_1,NUEVA ESPARTA,NA,García,NA,NA,Municipio,Municipality,NA,NA,GARCIA,217,0.7689460608877857
VEN.18.5_1,VEN,Venezuela,VEN.18_1,NUEVA ESPARTA,NA,Gómez,NA,NA,Municipio,Municipality,NA,NA,GOMEZ,218,0.7461352431164445
VEN.18.6_1,VEN,Venezuela,VEN.18_1,NUEVA ESPARTA,NA,Isla de Coche,NA,NA,Municipio,Municipality,NA,NA,ISLA COCHE,219,1.0558556582244905
VEN.18.7_1,VEN,Venezuela,VEN.18_1,NUEVA ESPARTA,NA,Maneiro,NA,NA,Municipio,Municipality,NA,NA,MANEIRO,220,0.8541098974814917
VEN.18.8_1,VEN,Venezuela,VEN.18_1,NUEVA ESPARTA,NA,Marcano,NA,NA,Municipio,Municipality,NA,NA,MARCANO,221,1.3879038817693539
VEN.18.9_1,VEN,Venezuela,VEN.18_1,NUEVA ESPARTA,NA,Mariño,NA,NA,Municipio,Municipality,NA,NA,MARINO,222,3.7666190015942256
VEN.18.10_1,VEN,Venezuela,VEN.18_1,NUEVA ESPARTA,NA,Peninsula de Macanao,NA,NA,Municipio,Municipality,NA,NA,PENINSULA MACANAO,223,0.8100866858739082
VEN.18.11_1,VEN,Venezuela,VEN.18_1,NUEVA ESPARTA,NA,Tubores,NA,NA,Municipio,Municipality,NA,NA,TUBORES,224,0.7629903502969066
VEN.19.1_1,VEN,Venezuela,VEN.19_1,PORTUGUESA,NA,Agua Blanca,NA,NA,Municipio,Municipality,NA,NA,AGUA BLANCA,225,0.9166324428258921
VEN.19.2_1,VEN,Venezuela,VEN.19_1,PORTUGUESA,NA,Araure,NA,NA,Municipio,Municipality,NA,NA,ARAURE,226,2.673526490049499
VEN.19.3_1,VEN,Venezuela,VEN.19_1,PORTUGUESA,NA,Esteller,NA,NA,Municipio,Municipality,NA,NA,ESTELLER,227,0.905816623441288
VEN.19.4_1,VEN,Venezuela,VEN.19_1,PORTUGUESA,NA,Guanare,NA,NA,Municipio,Municipality,NA,NA,GUANARE,228,1.7016908526480852
VEN.19.5_1,VEN,Venezuela,VEN.19_1,PORTUGUESA,NA,Guanarito,NA,NA,Municipio,Municipality,NA,NA,GUANARITO,229,0.7549526904007722
VEN.19.6_1,VEN,Venezuela,VEN.19_1,PORTUGUESA,NA,Monseñor José Vicente de Unda,NA,NA,Municipio,Municipality,NA,NA,MONSENOR JOSE VICENTE UNDA,230,1.1200360195078483
VEN.19.7_1,VEN,Venezuela,VEN.19_1,PORTUGUESA,NA,Ospino,NA,NA,Municipio,Municipality,NA,NA,OSPINO,231,0.7963078779231658
VEN.19.8_1,VEN,Venezuela,VEN.19_1,PORTUGUESA,NA,Páez,NA,NA,Municipio,Municipality,NA,NA,PAEZ,232,0.9602092656909511
VEN.19.9_1,VEN,Venezuela,VEN.19_1,PORTUGUESA,NA,Papelón,NA,NA,Municipio,Municipality,NA,NA,PAPELON,233,0.4410045700048864
VEN.19.10_1,VEN,Venezuela,VEN.19_1,PORTUGUESA,NA,San Genaro de Boconoito,NA,NA,Municipio,Municipality,NA,NA,SAN GENARO BOCONOITO,234,0.8373614738348025
VEN.19.11_1,VEN,Venezuela,VEN.19_1,PORTUGUESA,NA,San Rafael de Onoto,NA,NA,Municipio,Municipality,NA,NA,SAN RAFAEL ONOTO,235,0.7610166158057983
VEN.19.12_1,VEN,Venezuela,VEN.19_1,PORTUGUESA,NA,Santa Rosalía,NA,NA,Municipio,Municipality,NA,NA,SANTA ROSALIA,236,0.7016157358930236
VEN.19.13_1,VEN,Venezuela,VEN.19_1,PORTUGUESA,NA,Sucre,NA,NA,Municipio,Municipality,NA,NA,SUCRE,237,1.0989423240586038
VEN.19.14_1,VEN,Venezuela,VEN.19_1,PORTUGUESA,NA,Turén,NA,NA,Municipio,Municipality,NA,NA,TUREN,238,1.0813720788228944
VEN.20.1_1,VEN,Venezuela,VEN.20_1,SUCRE,NA,Andrés Eloy Blanco,NA,NA,Municipio,Municipality,NA,NA,ANDRES ELOY BLANCO,239,1.1683962339614617
VEN.20.2_1,VEN,Venezuela,VEN.20_1,SUCRE,NA,Andrés Mata,NA,NA,Municipio,Municipality,NA,NA,ANDRES MATA,240,0.8619247576465191
VEN.20.3_1,VEN,Venezuela,VEN.20_1,SUCRE,NA,Arismendi,NA,NA,Municipio,Municipality,NA,NA,ARISMENDI,241,1.0752288497131237
VEN.20.4_1,VEN,Venezuela,VEN.20_1,SUCRE,NA,Benítez,NA,NA,Municipio,Municipality,NA,NA,BENITEZ,242,0.6996148131423112
VEN.20.5_1,VEN,Venezuela,VEN.20_1,SUCRE,NA,Bermúdez,NA,NA,Municipio,Municipality,NA,NA,BERMUDEZ,243,2.2763711392691848
VEN.20.6_1,VEN,Venezuela,VEN.20_1,SUCRE,NA,Bolívar,NA,NA,Municipio,Municipality,NA,NA,BOLIVAR,244,0.7585160875807622
VEN.20.7_1,VEN,Venezuela,VEN.20_1,SUCRE,NA,Cajigal,NA,NA,Municipio,Municipality,NA,NA,CAJIGAL,245,1.1706180598530924
VEN.20.8_1,VEN,Venezuela,VEN.20_1,SUCRE,NA,Cruz Salmerón Acosta,NA,NA,Municipio,Municipality,NA,NA,CRUZ SALMERON ACOSTA,246,0.7485057098850157
VEN.20.9_1,VEN,Venezuela,VEN.20_1,SUCRE,NA,Libertador,NA,NA,Municipio,Municipality,NA,NA,LIBERTADOR,247,1.0227241060119494
VEN.20.10_1,VEN,Venezuela,VEN.20_1,SUCRE,NA,Mariño,NA,NA,Municipio,Municipality,NA,NA,MARINO,248,1.299234574723424
VEN.20.11_1,VEN,Venezuela,VEN.20_1,SUCRE,NA,Mejía,NA,NA,Municipio,Municipality,NA,NA,MEJIA,249,0.7592767817104473
VEN.20.12_1,VEN,Venezuela,VEN.20_1,SUCRE,NA,Montes,NA,NA,Municipio,Municipality,NA,NA,MONTES,250,1.1542692427380459
VEN.20.13_1,VEN,Venezuela,VEN.20_1,SUCRE,NA,Ribero,NA,NA,Municipio,Municipality,NA,NA,RIBERO,251,1.0145766981487998
VEN.20.14_1,VEN,Venezuela,VEN.20_1,SUCRE,NA,Sucre,NA,NA,Municipio,Municipality,NA,NA,SUCRE,252,1.7228033292492368
VEN.20.15_1,VEN,Venezuela,VEN.20_1,SUCRE,NA,Valdez,NA,NA,Municipio,Municipality,NA,NA,VALDEZ,253,1.1532150884299939
VEN.21.1_1,VEN,Venezuela,VEN.21_1,TACHIRA,NA,Andrés Bello,NA,NA,Municipio,Municipality,NA,NA,ANDRES BELLO,254,1.0802476134409091
VEN.21.2_1,VEN,Venezuela,VEN.21_1,TACHIRA,NA,Antonio Rómulo Costa,NA,NA,Municipio,Municipality,NA,NA,ANTONIO ROMULO COSTA,255,0.9633909698338007
VEN.21.3_1,VEN,Venezuela,VEN.21_1,TACHIRA,NA,Ayacucho,NA,NA,Municipio,Municipality,NA,NA,AYACUCHO,256,1.4648425512843906
VEN.21.4_1,VEN,Venezuela,VEN.21_1,TACHIRA,NA,Bolívar,NA,NA,Municipio,Municipality,NA,NA,BOLIVAR,257,1.1318643201580256
VEN.21.5_1,VEN,Venezuela,VEN.21_1,TACHIRA,NA,Cárdenas,NA,NA,Municipio,Municipality,NA,NA,CARDENAS,258,0.7174482650278259
VEN.21.6_1,VEN,Venezuela,VEN.21_1,TACHIRA,NA,Córdoba,NA,NA,Municipio,Municipality,NA,NA,CORDOBA,259,0.9314486972692282
VEN.21.7_1,VEN,Venezuela,VEN.21_1,TACHIRA,NA,Fernández Feo,NA,NA,Municipio,Municipality,NA,NA,FERNANDEZ FEO,260,1.2218859427845212
VEN.21.8_1,VEN,Venezuela,VEN.21_1,TACHIRA,NA,Francisco de Miranda,NA,NA,Municipio,Municipality,NA,NA,FRANCISCO MIRANDA,261,1.3665147139292115
VEN.21.9_1,VEN,Venezuela,VEN.21_1,TACHIRA,NA,García de Hevia,NA,NA,Municipio,Municipality,NA,NA,GARCIA HEVIA,262,1.3810398367801873
VEN.21.10_1,VEN,Venezuela,VEN.21_1,TACHIRA,NA,Guasimos,NA,NA,Municipio,Municipality,NA,NA,GUASIMOS,263,0.6425384397478571
VEN.21.11_1,VEN,Venezuela,VEN.21_1,TACHIRA,NA,Independencia,NA,NA,Municipio,Municipality,NA,NA,INDEPENDENCIA,264,0.8598950840293497
VEN.21.12_1,VEN,Venezuela,VEN.21_1,TACHIRA,NA,Jauregui,NA,NA,Municipio,Municipality,NA,NA,JAUREGUI,265,1.8168442563272356
VEN.21.13_1,VEN,Venezuela,VEN.21_1,TACHIRA,NA,José María Vargas,NA,NA,Municipio,Municipality,NA,NA,JOSE MARIA VARGAS,266,1.109892017637572
VEN.21.14_1,VEN,Venezuela,VEN.21_1,TACHIRA,NA,Junín,NA,NA,Municipio,Municipality,NA,NA,JUNIN,267,1.2306243803977899
VEN.21.15_1,VEN,Venezuela,VEN.21_1,TACHIRA,NA,Libertad,NA,NA,Municipio,Municipality,NA,NA,LIBERTAD,268,0.747495137572474
VEN.21.16_1,VEN,Venezuela,VEN.21_1,TACHIRA,NA,Libertador,NA,NA,Municipio,Municipality,NA,NA,LIBERTADOR,269,1.2102725028806294
VEN.21.17_1,VEN,Venezuela,VEN.21_1,TACHIRA,NA,Lobatera,NA,NA,Municipio,Municipality,NA,NA,LOBATERA,270,1.0531444776096708
VEN.21.18_1,VEN,Venezuela,VEN.21_1,TACHIRA,NA,Michelena,NA,NA,Municipio,Municipality,NA,NA,MICHELENA,271,1.299386393941727
VEN.21.19_1,VEN,Venezuela,VEN.21_1,TACHIRA,NA,Panamericano,NA,NA,Municipio,Municipality,NA,NA,PANAMERICANO,272,1.5084273482854342
VEN.21.20_1,VEN,Venezuela,VEN.21_1,TACHIRA,NA,Pedro María Ureña,NA,NA,Municipio,Municipality,NA,NA,PEDRO MARIA URENA,273,0.6934606663979418
VEN.21.21_1,VEN,Venezuela,VEN.21_1,TACHIRA,NA,Rafael Urdaneta,NA,NA,Municipio,Municipality,NA,NA,RAFAEL URDANETA,274,1.1639561734128216
VEN.21.22_1,VEN,Venezuela,VEN.21_1,TACHIRA,NA,Samuel Dario Maldonado,NA,NA,Municipio,Municipality,NA,NA,SAMUEL DARIO MALDONADO,275,1.0162826163271423
VEN.21.23_1,VEN,Venezuela,VEN.21_1,TACHIRA,NA,San Cristóbal,NA,NA,Municipio,Municipality,NA,NA,SAN CRISTOBAL,276,3.836429532518456
VEN.21.24_1,VEN,Venezuela,VEN.21_1,TACHIRA,NA,San Judas Tadeo,NA,NA,Municipio,Municipality,NA,NA,SAN JUDAS TADEO,277,0.7785696901226107
VEN.21.25_1,VEN,Venezuela,VEN.21_1,TACHIRA,NA,Seboruco,NA,NA,Municipio,Municipality,NA,NA,SEBORUCO,278,0.9945162445301015
VEN.21.26_1,VEN,Venezuela,VEN.21_1,TACHIRA,NA,Simón Rodriguez,NA,NA,Municipio,Municipality,NA,NA,SIMON RODRIGUEZ,279,1.3753338351757283
VEN.21.27_1,VEN,Venezuela,VEN.21_1,TACHIRA,NA,Sucre,NA,NA,Municipio,Municipality,NA,NA,SUCRE,280,1.677478012972652
VEN.21.28_1,VEN,Venezuela,VEN.21_1,TACHIRA,NA,Torbes,NA,NA,Municipio,Municipality,NA,NA,TORBES,281,0.6510845568801631
VEN.21.29_1,VEN,Venezuela,VEN.21_1,TACHIRA,NA,Uribante,NA,NA,Municipio,Municipality,NA,NA,URIBANTE,282,1.449707986329943
VEN.22.1_1,VEN,Venezuela,VEN.22_1,TRUJILLO,NA,Andrés Bello,NA,NA,Municipio,Municipality,NA,NA,ANDRES BELLO,283,1.1806377455961834
VEN.22.2_1,VEN,Venezuela,VEN.22_1,TRUJILLO,NA,Boconó,NA,NA,Municipio,Municipality,NA,NA,BOCONO,284,2.130865840489079
VEN.22.3_1,VEN,Venezuela,VEN.22_1,TRUJILLO,NA,Bolívar,NA,NA,Municipio,Municipality,NA,NA,BOLIVAR,285,0.585287005847976
VEN.22.4_1,VEN,Venezuela,VEN.22_1,TRUJILLO,NA,Candelaria,NA,NA,Municipio,Municipality,NA,NA,CANDELARIA,286,0.985644550020919
VEN.22.5_1,VEN,Venezuela,VEN.22_1,TRUJILLO,NA,Carache,NA,NA,Municipio,Municipality,NA,NA,CARACHE,287,1.7928334384575253
VEN.22.6_1,VEN,Venezuela,VEN.22_1,TRUJILLO,NA,Escuque,NA,NA,Municipio,Municipality,NA,NA,ESCUQUE,288,0.7309099039401338
VEN.22.7_1,VEN,Venezuela,VEN.22_1,TRUJILLO,NA,José Felipe Márquez Cañizalez,NA,NA,Municipio,Municipality,NA,NA,JOSE FELIPE MARQUEZ CANIZALEZ,289,0.479680813102437
VEN.22.8_1,VEN,Venezuela,VEN.22_1,TRUJILLO,NA,Juan Vicente Campos Elías,NA,NA,Municipio,Municipality,NA,NA,JUAN VICENTE CAMPOS ELIAS,290,1.423805012285031
VEN.22.9_1,VEN,Venezuela,VEN.22_1,TRUJILLO,NA,La Ceiba,NA,NA,Municipio,Municipality,NA,NA,LA CEIBA,291,0.7976320131743209
VEN.22.10_1,VEN,Venezuela,VEN.22_1,TRUJILLO,NA,Miranda,NA,NA,Municipio,Municipality,NA,NA,MIRANDA,292,0.7296633341503849
VEN.22.11_1,VEN,Venezuela,VEN.22_1,TRUJILLO,NA,Monte Carmelo,NA,NA,Municipio,Municipality,NA,NA,MONTE CARMELO,293,1.1348654206467959
VEN.22.12_1,VEN,Venezuela,VEN.22_1,TRUJILLO,NA,Motatán,NA,NA,Municipio,Municipality,NA,NA,MOTATAN,294,0.6081557118488147
VEN.22.13_1,VEN,Venezuela,VEN.22_1,TRUJILLO,NA,Pampán,NA,NA,Municipio,Municipality,NA,NA,PAMPAN,295,1.0747794979415406
VEN.22.14_1,VEN,Venezuela,VEN.22_1,TRUJILLO,NA,Pampanito,NA,NA,Municipio,Municipality,NA,NA,PAMPANITO,296,0.5227450124452058
VEN.22.15_1,VEN,Venezuela,VEN.22_1,TRUJILLO,NA,Rafael Rangel,NA,NA,Municipio,Municipality,NA,NA,RAFAEL RANGEL,297,0.9518318577178434
VEN.22.16_1,VEN,Venezuela,VEN.22_1,TRUJILLO,NA,San Rafael de Carvajal,NA,NA,Municipio,Municipality,NA,NA,SAN RAFAEL CARVAJAL,298,0.7054412567999874
VEN.22.17_1,VEN,Venezuela,VEN.22_1,TRUJILLO,NA,Sucre,NA,NA,Municipio,Municipality,NA,NA,SUCRE,299,1.2750226865316574
VEN.22.18_1,VEN,Venezuela,VEN.22_1,TRUJILLO,NA,Trujillo,NA,NA,Municipio,Municipality,NA,NA,TRUJILLO,300,2.8318636842600946
VEN.22.19_1,VEN,Venezuela,VEN.22_1,TRUJILLO,NA,Urdaneta,NA,NA,Municipio,Municipality,NA,NA,URDANETA,301,1.2870541691702024
VEN.22.20_1,VEN,Venezuela,VEN.22_1,TRUJILLO,NA,Valera,NA,NA,Municipio,Municipality,NA,NA,VALERA,302,3.7825256568823504
VEN.23.1_1,VEN,Venezuela,VEN.23_1,VARGAS,NA,Vargas,NA,NA,Municipio,Municipality,NA,NA,VARGAS,303,1.7309003955118956
VEN.24.1_1,VEN,Venezuela,VEN.24_1,YARACUY,NA,Arístides Bastidas,NA,NA,Municipio,Municipality,NA,NA,ARISTIDES BASTIDAS,304,0.7680097924301251
VEN.24.2_1,VEN,Venezuela,VEN.24_1,YARACUY,NA,Bolívar,NA,NA,Municipio,Municipality,NA,NA,BOLIVAR,305,0.8952728684331254
VEN.24.3_1,VEN,Venezuela,VEN.24_1,YARACUY,NA,Bruzual,NA,NA,Municipio,Municipality,NA,NA,BRUZUAL,306,0.9948875877791004
VEN.24.4_1,VEN,Venezuela,VEN.24_1,YARACUY,NA,Cocorote,NA,NA,Municipio,Municipality,NA,NA,COCOROTE,307,0.6750029410566871
VEN.24.5_1,VEN,Venezuela,VEN.24_1,YARACUY,NA,Independencia,NA,NA,Municipio,Municipality,NA,NA,INDEPENDENCIA,308,0.6213367982444158
VEN.24.6_1,VEN,Venezuela,VEN.24_1,YARACUY,NA,José Antonio Páez,NA,NA,Municipio,Municipality,NA,NA,JOSE ANTONIO PAEZ,309,0.6592340518141092
VEN.24.7_1,VEN,Venezuela,VEN.24_1,YARACUY,NA,La Trinidad,NA,NA,Municipio,Municipality,NA,NA,LA TRINIDAD,310,0.5108838069066901
VEN.24.8_1,VEN,Venezuela,VEN.24_1,YARACUY,NA,Manuel Monge,NA,NA,Municipio,Municipality,NA,NA,MANUEL MONGE,311,0.699231620345372
VEN.24.9_1,VEN,Venezuela,VEN.24_1,YARACUY,NA,Nirgua,NA,NA,Municipio,Municipality,NA,NA,NIRGUA,312,1.3866450411382865
VEN.24.10_1,VEN,Venezuela,VEN.24_1,YARACUY,NA,Peña,NA,NA,Municipio,Municipality,NA,NA,PENA,313,0.8903849321866221
VEN.24.11_1,VEN,Venezuela,VEN.24_1,YARACUY,NA,San Felipe,NA,NA,Municipio,Municipality,NA,NA,SAN FELIPE,314,4.153591536614153
VEN.24.12_1,VEN,Venezuela,VEN.24_1,YARACUY,NA,Sucre,NA,NA,Municipio,Municipality,NA,NA,SUCRE,315,0.7815003260749301
VEN.24.13_1,VEN,Venezuela,VEN.24_1,YARACUY,NA,Urachiche,NA,NA,Municipio,Municipality,NA,NA,URACHICHE,316,0.8502692013359762
VEN.24.14_1,VEN,Venezuela,VEN.24_1,YARACUY,NA,Veroes,NA,NA,Municipio,Municipality,NA,NA,VEROES,317,0.6937525816110646
VEN.25.1_1,VEN,Venezuela,VEN.25_1,ZULIA,NA,Almirante Padilla,NA,NA,Municipio,Municipality,NA,NA,ALMIRANTE PADILLA,318,0.9188996852552117
VEN.25.2_1,VEN,Venezuela,VEN.25_1,ZULIA,NA,Baralt,NA,NA,Municipio,Municipality,NA,NA,BARALT,319,0.9820630940178393
VEN.25.3_1,VEN,Venezuela,VEN.25_1,ZULIA,NA,Cabimas,NA,NA,Municipio,Municipality,NA,NA,CABIMAS,320,1.6509397902758387
VEN.25.4_1,VEN,Venezuela,VEN.25_1,ZULIA,NA,Catatumbo,NA,NA,Municipio,Municipality,NA,NA,CATATUMBO,321,0.8425482584968713
VEN.25.5_1,VEN,Venezuela,VEN.25_1,ZULIA,NA,Colón,NA,NA,Municipio,Municipality,NA,NA,COLON,322,1.3305078987935874
VEN.25.6_1,VEN,Venezuela,VEN.25_1,ZULIA,NA,Francisco Javier Pulgar,NA,NA,Municipio,Municipality,NA,NA,FRANCISCO JAVIER PULGAR,323,0.6360217890239372
VEN.25.7_1,VEN,Venezuela,VEN.25_1,ZULIA,NA,Guajira,NA,NA,Municipio,Municipality,NA,NA,GUAJIRA,324,0.8363691552266511
VEN.25.8_1,VEN,Venezuela,VEN.25_1,ZULIA,NA,Jesús Enrique Lossada,NA,NA,Municipio,Municipality,NA,NA,JESUS ENRIQUE LOSSADA,325,1.0376388889145607
VEN.25.9_1,VEN,Venezuela,VEN.25_1,ZULIA,NA,Jesús María Semprún,NA,NA,Municipio,Municipality,NA,NA,JESUS MARIA SEMPRUN,326,0.8888834149950171
VEN.25.10_1,VEN,Venezuela,VEN.25_1,ZULIA,NA,La Cañada de Urdaneta,NA,NA,Municipio,Municipality,NA,NA,LA CANADA URDANETA,327,1.0125236850457056
VEN.25.11_1,VEN,Venezuela,VEN.25_1,ZULIA,NA,Lagunillas,NA,NA,Municipio,Municipality,NA,NA,LAGUNILLAS,328,1.7188223246114351
VEN.25.12_1,VEN,Venezuela,VEN.25_1,ZULIA,NA,Machiques de Perijá,NA,NA,Municipio,Municipality,NA,NA,MACHIQUES PERIJA,329,1.1302104303758784
VEN.25.13_1,VEN,Venezuela,VEN.25_1,ZULIA,NA,Mara,NA,NA,Municipio,Municipality,NA,NA,MARA,330,1.1631755916658981
VEN.25.14_1,VEN,Venezuela,VEN.25_1,ZULIA,NA,Maracaibo,NA,NA,Municipio,Municipality,NA,NA,MARACAIBO,331,2.172685113599587
VEN.25.15_1,VEN,Venezuela,VEN.25_1,ZULIA,NA,Miranda,NA,NA,Municipio,Municipality,NA,NA,MIRANDA,332,0.9132947607349405
VEN.25.16_1,VEN,Venezuela,VEN.25_1,ZULIA,NA,Rosario de Perijá,NA,NA,Municipio,Municipality,NA,NA,ROSARIO PERIJA,333,1.1496808827205955
VEN.25.17_1,VEN,Venezuela,VEN.25_1,ZULIA,NA,San Francisco,NA,NA,Municipio,Municipality,NA,NA,SAN FRANCISCO,334,0.9175791906303076
VEN.25.18_1,VEN,Venezuela,VEN.25_1,ZULIA,NA,Santa Rita,NA,NA,Municipio,Municipality,NA,NA,SANTA RITA,335,0.8482906052303244
VEN.25.19_1,VEN,Venezuela,VEN.25_1,ZULIA,NA,Simón Bolívar,NA,NA,Municipio,Municipality,NA,NA,SIMON BOLIVAR,336,0.64668145869894
VEN.25.20_1,VEN,Venezuela,VEN.25_1,ZULIA,NA,Sucre,NA,NA,Municipio,Municipality,NA,NA,SUCRE,337,1.232089881644487
VEN.25.21_1,VEN,Venezuela,VEN.25_1,ZULIA,NA,Valmore Rodríguez,NA,NA,Municipio,Municipality,NA,NA,VALMORE RODRIGUEZ,338,0.8528408370855216
